code,arquivo
12339526,12339526_card.webp
12339526,12339526_full.jpg
12339526,12339526_thumb.webp
12339526,12339526.jpg
12339560,12339560_card.webp
12339560,12339560_full.jpg
12339560,12339560_thumb.webp
12339560,12339560.jpg
12339674,12339674_card.webp
12339674,12339674_full.jpg
12339674,12339674_thumb.webp
12339674,12339674.jpg
12339902,12339902_card.webp
12339902,12339902_full.jpg
12339902,12339902_thumb.webp
12339902,12339902.avif
12340773,12340773_card.webp
12340773,12340773_full.jpg
12340773,12340773_thumb.webp
12340773,12340773.jpg
12340774,12340774_card.webp
12340774,12340774_full.jpg
12340774,12340774_thumb.webp
12340774,12340774.jpg
12340775,12340775_card.webp
12340775,12340775_full.jpg
12340775,12340775_thumb.webp
12340775,12340775.jpg
12341820,12341820_card.webp
12341820,12341820_full.jpg
12341820,12341820_thumb.webp
12341820,12341820.jpg
12341823,12341823_card.webp
12341823,12341823_full.jpg
12341823,12341823_thumb.webp
12341823,12341823.jpg
12341824,12341824_card.webp
12341824,12341824_full.jpg
12341824,12341824_thumb.webp
12341824,12341824.jpg
12443641,12443641_card.webp
12443641,12443641_full.jpg
12443641,12443641_thumb.webp
12443641,12443641.jpg
12443832,12443832_card.webp
12443832,12443832_full.jpg
12443832,12443832_thumb.webp
12443832,12443832.jpg
12443841,12443841_card.webp
12443841,12443841_full.jpg
12443841,12443841_thumb.webp
12443841,12443841.jpg
12444047,12444047_card.webp
12444047,12444047_full.jpg
12444047,12444047_thumb.webp
12444047,12444047.jpg
12454876,12454876_card.webp
12454876,12454876_full.jpg
12454876,12454876_thumb.webp
12454876,12454876.jpg
12454889,12454889_card.webp
12454889,12454889_full.jpg
12454889,12454889_thumb.webp
12454889,12454889.png
12454911,12454911_card.webp
12454911,12454911_full.jpg
12454911,12454911_thumb.webp
12454911,12454911.png
12455119,12455119_card.webp
12455119,12455119_full.jpg
12455119,12455119_thumb.webp
12455119,12455119.jpg
12455297,12455297_card.webp
12455297,12455297_full.jpg
12455297,12455297_thumb.webp
12455297,12455297.png
12455308,12455308_card.webp
12455308,12455308_full.jpg
12455308,12455308_thumb.webp
12455308,12455308.jpg
12455309,12455309_card.webp
12455309,12455309_full.jpg
12455309,12455309_thumb.webp
12455309,12455309.png
12455329,12455329_card.webp
12455329,12455329_full.jpg
12455329,12455329_thumb.webp
12455329,12455329.png
12455330,12455330_card.webp
12455330,12455330_full.jpg
12455330,12455330_thumb.webp
12455330,12455330.png
12460600,12460600_card.webp
12460600,12460600_full.jpg
12460600,12460600_thumb.webp
12460600,12460600.jpg
12481476,12481476.png
12481492,12481492.png
12481519,12481519_card.webp
12481519,12481519_full.jpg
12481519,12481519_thumb.webp
12481519,12481519.jpg
12481526,12481526.png
12481983,12481983.png
12482395,12482395_card.webp
12482395,12482395_full.jpg
12482395,12482395_thumb.webp
12482395,12482395.jpg
12482399,12482399_card.webp
12482399,12482399_full.jpg
12482399,12482399_thumb.webp
12482399,12482399.jpg
12482400,12482400_card.webp
12482400,12482400_full.jpg
12482400,12482400_thumb.webp
12482400,12482400.jpg
12482401,12482401_card.webp
12482401,12482401_full.jpg
12482401,12482401_thumb.webp
12482401,12482401.jpg
12482410,12482410_card.webp
12482410,12482410_full.jpg
12482410,12482410_thumb.webp
12482410,12482410.jpg
12519989,12519989_card.webp
12519989,12519989_full.jpg
12519989,12519989_thumb.webp
12519989,12519989.jpeg
12520109,12520109_card.webp
12520109,12520109_full.jpg
12520109,12520109_thumb.webp
12520109,12520109.jpeg
12520118,12520118_card.webp
12520118,12520118_full.jpg
12520118,12520118_thumb.webp
12520118,12520118.jpeg
12520569,12520569_card.webp
12520569,12520569_full.jpg
12520569,12520569_thumb.webp
12520569,12520569.jpeg
12521575,12521575.png
12556838,12556838.png
12556860,12556860.png
12557053,12557053_card.webp
12557053,12557053_full.jpg
12557053,12557053_thumb.webp
12557053,12557053.jpg
12557072,12557072.png
12557597,12557597.png
12557599,12557599_card.webp
12557599,12557599_full.jpg
12557599,12557599_thumb.webp
12557599,12557599.jpeg
12557602,12557602_card.webp
12557602,12557602_full.jpg
12557602,12557602_thumb.webp
12557602,12557602.jpg
12557610,12557610.png
12557620,12557620_card.webp
12557620,12557620_full.jpg
12557620,12557620_thumb.webp
12557620,12557620.jpeg
12562295,12562295_card.webp
12562295,12562295_full.jpg
12562295,12562295_thumb.webp
12562295,12562295.jpg
12573602,12573602_card.webp
12573602,12573602_full.jpg
12573602,12573602_thumb.webp
12573602,12573602.jpeg
12573769,12573769_card.webp
12573769,12573769_full.jpg
12573769,12573769_thumb.webp
12573769,12573769.jpeg
12585565,12585565_card.webp
12585565,12585565_full.jpg
12585565,12585565_thumb.webp
12585565,12585565.png
