code,name,brand,category
"13522060","BONO Biscoito Recheado Mrg 66x90g N1 BR","BONO","BISCOITOS"
"13522062","BONO Biscoito Recheado Ddl 66x90g N1 BR","BONO","BISCOITOS"
"13612736","BONO Mini Biscoito Rech Mrg 60x24g BR","BONO","BISCOITOS"
"13612737","BONO Mini Biscoito Rech Choc 60x24g BR","BONO","BISCOITOS"
"14131309","BTN Tablete Rech 4(14x90g) BR","BTN","GAROTO"
"14513277","BTN ChocoStick Caribe 12(12x24g) BR","BTN","GAROTO"
"14513949","BTN ChocoStick TriploChoc 12(12x26g)BR","BTN","GAROTO"
"14513974","BTN ChocoStickCookies&Cream 12(12x26g)BR","BTN","GAROTO"
"12612894","CHARGE Biscoito Recheado 70x130g BR","CHARGE","BISCOITOS"
"13991250","ESPD Bombons Sortidos Caixa 30x220g BR","ESPD","CHOCOLATES NESTLE"
"13754078","FRSK Filhotes Frango 9x850g BR","FRSK","PREMIUM DRY CAT"
"13754108","FRSK Mar de Sabores 9x850g BR","FRSK","PREMIUM DRY CAT"
"13759759","FRSK Delicias da Granja Frango 9x850g BR","FRSK","PREMIUM DRY CAT"
"13760033","FRSK Mix Carne Castrados 9x850g BR","FRSK","PREMIUM DRY CAT"
"13864756","GLK Tablete Recheado 4(14x90g) BR","GLK","CHOCOLATES NESTLE"
"14106543","GRT Tablete Rech Crocante 4(14x90g) N1BR","GRT","GAROTO"
"14476614","GRT Tablete Pe de Moleque 4(16x80g) BR","GRT","GAROTO"
"12941325","KIT KAT 4Fngr Cereja 4(24x41,5g) BR","KIT","CHOCOLATES"
"13837465","KK 4Fngr Tutti Frutti 4(24x41,5g) BR","KK","CHOCOLATES NESTLE"
"13837609","KK 4Fngr Dark ChocMint 4(24x41,5g) BR","KK","CHOCOLATES NESTLE"
"13799711","MAG Tempero Sabor Manteiga 30x110g BR","MAG","MAGGI"
"13800870","MAG Tempero Lemmon Pepper 30x110g BR","MAG","MAGGI"
"13837463","MAG Tempero Empana LemonPpr 12(9x60g)BR","MAG","MAGGI"
"13837644","MAG Tempero Empana Parmesao12(9x60g)BR","MAG","MAGGI"
"13882992","MAG Macarrao Sabor Bechamel 12(9x65g) BR","MAG","MAGGI"
"13882993","MAG Macarrao Sabor Tomate 12(9x65g) BR","MAG","MAGGI"
"13882994","MAG Macarrao Sab MacN Chse 12(9x65g) BR","MAG","MAGGI"
"12310601","BONZO Adultos Carne e Cereais 18kg BR","MAINSTREAM","BONZO LARGE BAGS"
"12492194","ALPO Adulto Car Frg Cer Veg 18kg BR","MAINSTREAM","ALPO LARGE BAGS"
"12492195","ALPO Adulto Car Frg Cer Veg 10.1kg BR","MAINSTREAM","ALPO LARGE BAGS"
"12571519","GATSY Carne 20kg N1 BR","MAINSTREAM","GATSY DRY LARGE BAGS"
"12581433","MUCILON Mini Biscuits Leite 8(7x30g) BR","MUCILON","CEREAIS INFANTIS"
"12581434","MUCILON Mini Biscuits Maisena 8(7x30g)BR","MUCILON","CEREAIS INFANTIS"
"12581445","MUCILON Mini Biscuits Banana 8(7x30g) BR","MUCILON","CEREAIS INFANTIS"
"13720757","NCU Cereal Matinal 24x210g PR15%Grts BR","NCU","CEREAIS MATINAIS"
"13563897","NDG Caramelo Salgado 10Caps 6x175g BR","NDG","SISTEMA DOLCE GUSTO"
"14506130","NDG Moca PistacchioLatte 10Caps 6x175gBR","NDG","SISTEMA DOLCE GUSTO"
"13332567","NESCAU Protein 24x250ml BR","NESCAU","RTD ADULTOS"
"14513265","NEST ChocoStickCrmlSalgado 12(12x24g)BR","NEST","CHOCOLATES NESTLE"
"14513980","NEST ChocoStick Avela 12(12x26g) BR","NEST","CHOCOLATES NESTLE"
"12328050","TIDY CAT 6x2kg N1 BR","NFA","TIDY CAT"
"12628280","NINHO 1+ PREBIO 1 Fases Lepo 6x800g N4BR","NINHO","NINHO FASES"
"13680781","NTRN Protein15gRTD ColagChoc4(6x260ml)BR","NTRN","NHS ACTIVE NUTRITION"
"13680782","NTRN Protein15gRTD ColagBaun4(6x260ml)BR","NTRN","NHS ACTIVE NUTRITION"
"12481476","CAT CHOW PsFilhFrangoeLeite 10.1kg N2 BR","PREMIUM DRY CAT","CAT CHOW DRY LARGE BAGS"
"12481526","CAT CHOW Ps Adultos Carne 5x2.7kg BR","PREMIUM DRY CAT","CAT CHOW DRY SMALL BAGS"
"12481983","CAT CHOW Ps Castrados 10.1kg N2 BR","PREMIUM DRY CAT","CAT CHOW DRY LARGE BAGS"
"12521575","CAT CHOW Ps Castrados Peixe 10.1kg BR","PREMIUM DRY CAT","CAT CHOW DRY LARGE BAGS"
"12556838","CAT CHOW PS Castrados Peixe 5x2.7kg BR","PREMIUM DRY CAT","CAT CHOW DRY SMALL BAGS"
"12556860","CAT CHOW PS Castrados Frango 5x2.7kg BR","PREMIUM DRY CAT","CAT CHOW DRY SMALL BAGS"
"12557072","CAT CHOW Ps Castrados Peixe 10x1kg BR","PREMIUM DRY CAT","CAT CHOW DRY SMALL BAGS"
"12557597","CAT CHOW Ps Adultos Peixe 10x1kg N1 BR","PREMIUM DRY CAT","CAT CHOW DRY SMALL BAGS"
"12557610","CAT CHOW Ps Adultos Peixe 5x2.7kg BR","PREMIUM DRY CAT","CAT CHOW DRY SMALL BAGS"
"12501474","DOGCHOWXLfeAdltMedioGdeCarFrgArz5x3kgBR","PREMIUM DRY DOG","DOG CHOW DRY SMALL BAGS"
"12501505","DOGCHOWXLfeAdltMnPeqCarFrgArz5x3kgBR","PREMIUM DRY DOG","DOG CHOW DRY SMALL BAGS"
"12562154","DCHOWXLfeLactFilhMedGdeCarFrgArz10.1kgBR","PREMIUM DRY DOG","DOG CHOW DRY LARGE BAGS"
"12562286","DCHOWXLfeLactFilhMnPeqCarFrgArz10x1kgBR","PREMIUM DRY DOG","DOG CHOW DRY SMALL BAGS"
"12562294","DCHOW XLfeLactFilhMnPeqCarFrgArz10.1kgBR","PREMIUM DRY DOG","DOG CHOW DRY LARGE BAGS"
"12562402","DCHOWXLfeLactFilhMedGdeCarFrgArz10x1kgBR","PREMIUM DRY DOG","DOG CHOW DRY SMALL BAGS"
"12613348","DOGCHOWXLfeAdltMedGdeCarFrgArz20kgN1BR","PREMIUM DRY DOG","DOG CHOW DRY LARGE BAGS"
"12613548","DOGCHOWXLfeAdltMnPeqCarFrgArz10,1kgN1BR","PREMIUM DRY DOG","DOG CHOW DRY LARGE BAGS"
"12613559","DOGCHOW ExtraLife 7+ CarFrgArz 15kg N1BR","PREMIUM DRY DOG","DOG CHOW DRY LARGE BAGS"
"12613570","DOGCHOWXLfeAdltMnPeqCarFrgArz20kgN1BR","PREMIUM DRY DOG","DOG CHOW DRY LARGE BAGS"
"12624153","DOGCHOW XLfeAdltMedGdeCarFrgArz6x2.5kgBR","PREMIUM DRY DOG","DOG CHOW DRY SMALL BAGS"
"12624229","DOGCHOW XLfeAdltMnPeq CarFrgArz6x2.5kgBR","PREMIUM DRY DOG","DOG CHOW DRY SMALL BAGS"
"13783814","PRST Frutas Vermelhas Choc 18(30x33g) BR","PRST","CHOCOLATES NESTLE"
"14506131","PSTMP Biscoito Rech Galak 66x90g BR","PSTMP","BISCOITOS"
"14506333","PSTMP Biscoito Rech Prestigio 66x90g BR","PSTMP","BISCOITOS"
"14506353","PSTMP Biscoito Rech Alpino 66x90g BR","PSTMP","BISCOITOS"
"13842963","SFLR Chocolate ao Leite 4(16x80g) N1 BR","SFLR","CHOCOLATES NESTLE"
"13850171","SFLR Chocolate Duo 4(16x80g) N1 BR","SFLR","CHOCOLATES NESTLE"
"12378082","DOGUITOS Bifinho Carne 20x65g BR","SNACKS","DOGUITOS SNACKS"
"12378083","DOGUITOS Bifinho Frango 20x65g BR","SNACKS","DOGUITOS SNACKS"
"12379167","DOGUITOS Linguicinha 20x45g BR","SNACKS","DOGUITOS SNACKS"
"12598146","FRISKIES Petiscos Salmao 15x40g BR","SNACKS","FRISKIES TREATS"
"12598255","FRISKIES Petiscos Frango 15x40g N1 BR","SNACKS","FRISKIES TREATS"
"13720732","SPRSA Biscoito Recheado 70x130g BR","SPRSA","BISCOITOS"
"14106626","SRT AMOR Tablete Recheado 4(14x90g)BR","SRT","GAROTO"
"14123616","SRT AMOR Choco Trio 4(12x90g) BR","SRT","GAROTO"
"12443609","PRO PLAN Adult Frango 5x3kg BR","SUPER PREMIUM DRY","PRO PLAN DRY CAT"
"12443618","PRO PLAN Kitten 7.5kg N2 BR","SUPER PREMIUM DRY","PRO PLAN DRY CAT"
"12443619","PRO PLAN Adult Frango 7.5kg BR","SUPER PREMIUM DRY","PRO PLAN DRY CAT"
"12443621","PRO PLAN Sterilized 7.5kg BR","SUPER PREMIUM DRY","PRO PLAN DRY CAT"
"12443622","PRO PLAN Sterilized 10x1kg BR","SUPER PREMIUM DRY","PRO PLAN DRY CAT"
"12443642","PRO PLAN Urinary 7.5kg BR","SUPER PREMIUM DRY","PRO PLAN DRY CAT"
"12443650","PRO PLAN Kitten 5x3kg BR","SUPER PREMIUM DRY","PRO PLAN DRY CAT"
"12444073","PRO PLAN Urinary 5x3kg BR","SUPER PREMIUM DRY","PRO PLAN DRY CAT"
"12444488","PRO PLAN Adult 7+ 7.5kg BR","SUPER PREMIUM DRY","PRO PLAN DRY DOG"
"12453394","PRO PLAN Kitten 20x400g BR","SUPER PREMIUM DRY","PRO PLAN DRY CAT"
"12454108","ONEAdltMiniPeqc/Frg&CarneDeVdd 11x700gBR","SUPER PREMIUM DRY","ONE DRY DOG SMALL BAGS"
"12454109","ONE AdltMiniPeqc/Frgo&CarneDeVdd6x2kgBR","SUPER PREMIUM DRY","ONE DRY DOG SMALL BAGS"
"12454208","ONEFilhTdTm c/Frango&CarneDeVdd6x2kgBR","SUPER PREMIUM DRY","ONE DRY DOG SMALL BAGS"
"12454492","ONEAdltMedGde c/Frango&CarneDeVdd6x2kgBR","SUPER PREMIUM DRY","ONE DRY DOG SMALL BAGS"
"12454676","ONEGatoFilhc/Frango&CarneDeVdd6x2kgBR","SUPER PREMIUM DRY","ONE DRY CAT SMALL BAGS"
"12454751","PRO PLAN Active Mind TdTm 10x1kg BR","SUPER PREMIUM DRY","PRO PLAN DRY DOG"
"12454898","PRO PLAN Adult Med 15kg BR","SUPER PREMIUM DRY","PRO PLAN DRY DOG"
"12454899","PRO PLAN Adult Gde 15kg BR","SUPER PREMIUM DRY","PRO PLAN DRY DOG"
"12454901","PRO PLAN Puppy Mini&Peq 10x1kg BR","SUPER PREMIUM DRY","PRO PLAN DRY DOG"
"12454907","PRO PLAN Active Mind TdTm 15kg BR","SUPER PREMIUM DRY","PRO PLAN DRY DOG"
"12454909","PRO PLAN Active Mind TdTm 7.5kg BR","SUPER PREMIUM DRY","PRO PLAN DRY DOG"
"12454922","PROPLAN ReducedCalorie Mini&Peq 7.5kg BR","SUPER PREMIUM DRY","PRO PLAN DRY DOG"
"12454998","PRO PLAN Puppy Mini&Peq 7.5kg BR","SUPER PREMIUM DRY","PRO PLAN DRY DOG"
"12455020","PRO PLAN Adult Mini&Peq 7.5kg BR","SUPER PREMIUM DRY","PRO PLAN DRY DOG"
"12455021","ONEGatEsterilizadosFrg&SlmDeVdd20x500gBR","SUPER PREMIUM DRY","ONE DRY CAT SMALL BAGS"
"12455098","ONECatFilh c/Frango&CarneDeVdd20x500gBR","SUPER PREMIUM DRY","ONE DRY CAT SMALL BAGS"
"12455107","ONECatAdultos c/Frg&CarneDeVdd20x500gBR","SUPER PREMIUM DRY","ONE DRY CAT SMALL BAGS"
"12455123","ONECatEsterilizadosFrg&SlmDeVdd6x2kgBR","SUPER PREMIUM DRY","ONE DRY CAT SMALL BAGS"
"12455316","PROPLANReducedCalorie Mini&Peq6x2.5kg BR","SUPER PREMIUM DRY","PRO PLAN DRY DOG"
"12458608","PRO PLAN Adult Cat Live Clear 6x3kg AR","SUPER PREMIUM DRY","PRO PLAN DRY CAT"
"12458622","PRO PLAN Adult Cat Live Clear 6x1kg AR","SUPER PREMIUM DRY","PRO PLAN DRY CAT"
"12460569","ONECatAdultoc/Frango&CarneDeVdd1x7.5kgBR","SUPER PREMIUM DRY","ONE DRY CAT LARGE BAGS"
"12468802","PRO PLAN VeterinaryDiets Cnne HA 6x2kgBR","SUPER PREMIUM DRY","PRO PLAN VETERINARY DIETS"
"12469073","PROPLAN VeterinaryDiets Fln HA 8x1.5kgBR","SUPER PREMIUM DRY","PRO PLAN VETERINARY DIETS"
"12469083","PRO PLAN VeterinaryDiets Cnne HA 7.5kgBR","SUPER PREMIUM DRY","PRO PLAN VETERINARY DIETS"
"12534939","PPVD CANINE NC NEUROCARE 6x2kg AR","SUPER PREMIUM DRY","PRO PLAN VETERINARY DIETS"
"12534962","PPVD CANINE OM Obesidade 6x2kg AR","SUPER PREMIUM DRY","PRO PLAN VETERINARY DIETS"
"12534965","PPVD CANINE UR Trato Urinario 6x2kg AR","SUPER PREMIUM DRY","PRO PLAN VETERINARY DIETS"
"12534969","PPVD CANINE UR Trato Urinario 7.5kg AR","SUPER PREMIUM DRY","PRO PLAN VETERINARY DIETS"
"12534980","PPVD CANINE OM Obesidade 7.5kg AR","SUPER PREMIUM DRY","PRO PLAN VETERINARY DIETS"
"12534986","PPVD CANINE NC NEUROCARE 7.5kg AR","SUPER PREMIUM DRY","PRO PLAN VETERINARY DIETS"
"12536927","PPVD FELINEOM ObesityManagement8x1.5kgAR","SUPER PREMIUM DRY","PRO PLAN VETERINARY DIETS"
"12537291","PPVD FELINE UR TratoUrinario 7.5kg AR","SUPER PREMIUM DRY","PRO PLAN VETERINARY DIETS"
"12537301","PPVD FELINE UR Trato Urinario 8x1.5kg AR","SUPER PREMIUM DRY","PRO PLAN VETERINARY DIETS"
"12573754","ONE Adulto Mini Peq Frg & Car 7.5kg BR","SUPER PREMIUM DRY","ONE DRY DOG LARGE BAGS"
"12585564","PRO PLAN Filhote Medio e Grande 15kg BR","SUPER PREMIUM DRY","PRO PLAN DRY DOG"
"12590459","PRO PLAN SensitiveSkin Mini&Peq6x2.5kgBR","SUPER PREMIUM DRY","PRO PLAN DRY DOG"
"12592785","PRO PLAN SensitiveSkin Mini&Peq 7.5kg BR","SUPER PREMIUM DRY","PRO PLAN DRY DOG"
"12612389","PRO PLAN SensitiveSkinMed&Gde6x2.5kgN1BR","SUPER PREMIUM DRY","PRO PLAN DRY DOG"
"12405428","DOG CHOW Adlt Mini Peq Carne 15x100g BR","WET","DOG CHOW WET POUCH"
"12405429","DOGCHOW Adlt Mini Peq Salmao 15x100g BR","WET","DOG CHOW WET POUCH"
"12405432","DOG CHOW Adlt TdTm Frango 15x100g BR","WET","DOG CHOW WET POUCH"
"12405471","DOG CHOW Adlt Mini Peq Frango 15x100g BR","WET","DOG CHOW WET POUCH"
"12405475","DOG CHOW Adlt TdTm Carne 15x100g BR","WET","DOG CHOW WET POUCH"
"12405477","DOG CHOW Adlt TdTm Cordeiro 15x100g BR","WET","DOG CHOW WET POUCH"
"12525293","FANCY FEAST Petit Filet Carne 15x85gN1BR","WET","FANCY FEAST WET POUCH"
"12526276","FANCY FEAST Cass Frango e Peru15x85gN1XI","WET","FANCY FEAST WET POUCH"
"12526301","FANCY FEAST Goulash Atum 15x85g N1 XI","WET","FANCY FEAST WET POUCH"
"12526303","FANCY FEAST Goulash Peru 15x85g N1 XI","WET","FANCY FEAST WET POUCH"
"12526310","FANCY FEAST Petit Filet Salmao15x85gN1XI","WET","FANCY FEAST WET POUCH"
"12526404","FANCY FEAST Demi Glace Frango 15x85gN1XI","WET","FANCY FEAST WET POUCH"
"12534475","FRISKIES Atum ao Molho 15x85g N1 BR","WET","FRISKIES WET POUCH"
"12534476","FRISKIES Peru ao Molho 15x85g N1 BR","WET","FRISKIES WET POUCH"
"12534494","FRISKIES Salmao ao Molho 15x85g N1 BR","WET","FRISKIES WET POUCH"
"12534514","FRISKIES Cordeiro ao Molho 15x85g N1 BR","WET","FRISKIES WET POUCH"
"12535685","FRISKIES FilhotesCarne aoMolho15x85gN1BR","WET","FRISKIES WET POUCH"
"12535692","FRISKIES PeixeBranco aoMolho 15x85g N1BR","WET","FRISKIES WET POUCH"
"12537601","FANCY FEAST Demi Glace Carne 15x85g N2XI","WET","FANCY FEAST WET POUCH"
